{"cameraMode":{"drawMode":0,"name":"Shaded","section":"Shading Mode"},"sceneLighting":false,"audioPlay":false,"sceneViewState":{"showFog":true,"showMaterialUpdate":false,"showSkybox":false,"showFlares":true,"showImageEffects":true,"showParticleSystems":true},"in2DMode":false,"pivot":{"x":355.65252685546877,"y":272.59515380859377,"z":57.2998046875},"rotation":{"x":-0.0011901856632903219,"y":0.006311072036623955,"z":0.000001568308789501316,"w":0.9999866485595703},"size":2.8578836917877199,"orthographic":false}