{"cameraMode":{"drawMode":0,"name":"Shaded","section":"Shading Mode"},"sceneLighting":true,"audioPlay":false,"sceneViewState":{"showFog":true,"showMaterialUpdate":false,"showSkybox":false,"showFlares":true,"showImageEffects":true,"showParticleSystems":true},"in2DMode":false,"pivot":{"x":20.124958038330079,"y":-0.4898681640625,"z":10.477538108825684},"rotation":{"x":-0.4964897632598877,"y":0.5024617910385132,"z":-0.47689828276634219,"w":-0.5230874419212341},"size":47.842037200927737,"orthographic":false}